tempor,2
efficitur,1
suscipit,1
est,1
bibendum,1
habitasse,1
accumsan,1
purus,1
hac,1
nec,1
augue,1
erat,1
nunc,1
mauris,1
vel,3
feugiat,1
semper,1
enim,1
lobortis,1
ligula,1
sodales,1
velit,1
dignissim,2
Suspendisse,1
mattis,1
Sed,2
pellentesque,1
vitae,1
platea,1
felis,1
convallis,1
orci,2
elit,1
massa,1
pharetra,2
lacinia,1
lectus,1
dictumst,1
viverra,1
Morbi,2
tempus,1
Mauris,1
non,1
risus,1
arcu,1
iaculis,2
sed,1
hendrerit,1
sit,1
ultricies,1
fringilla,1
tincidunt,1
aliquam,1
sollicitudin,2
turpis,2
nibh,2
Aliquam,1
aliquet,1
malesuada,1
amet,1
sapien,1
Nunc,1
quis,2
eget,3
nulla,1
gravida,1
eros,1
consectetur,1
maximus,1
